packet_count,byte_count,duration_sec,req_rate,resp_rate,src_entropy,dst_entropy,proto_code,label
59.934283,23600.632645,4.609007,11.664106,143.447189,2.923988,4.061858,1,0.0
47.234714,17535.107785,0.559367,79.984767,1252.453345,3.814707,2.730958,2,0.0
62.953771,19316.043648,3.995295,17.34204,174.271058,3.444564,3.109799,0,0.0
80.460597,39904.801224,0.775928,105.321876,1791.621886,4.260313,2.054783,0,0.0
45.316933,17298.943482,1.316294,48.866357,316.660273,2.931481,2.752615,0,0.0
45.317261,12288.592693,3.221318,14.025209,166.544949,3.855626,3.256578,0,0.0
81.584256,18808.005462,0.850517,143.132495,638.010766,3.715504,2.14044,0,0.0
65.348695,16066.482477,3.907135,22.603227,202.167509,3.090603,3.227739,0,0.0
40.610512,11118.643261,4.069181,7.070951,96.633323,2.773202,4.317777,1,0.0
60.851201,15103.536531,1.916391,45.425727,118.617327,3.80328,2.263483,0,0.0
40.731646,10426.08383,0.512813,48.956701,753.211062,3.977195,3.911102,0,0.0
40.685405,11616.8447,1.176655,45.5537,227.114858,3.131255,3.024178,0,0.0
54.839245,13820.152229,2.419059,19.963431,213.970547,3.789665,3.637934,0,0.0
11.734395,5503.778965,8.446327,1.914406,8.331357,3.290262,2.650591,0,0.0
15.501643,3473.455143,2.498331,8.488516,23.628676,3.926414,2.398731,1,0.0
38.754249,13848.963447,1.101679,45.939099,555.998958,2.898431,2.401157,0,0.0
29.743378,9610.651855,2.510275,15.285123,73.075763,4.28043,2.17623,1,0.0
56.284947,27844.927744,2.052994,22.061108,589.74515,3.074819,2.464117,0,0.0
31.839518,7438.083107,3.52685,5.244393,44.649464,3.235572,3.660548,0,0.0
21.753926,6947.26157,0.726294,27.046021,341.629361,2.616184,4.204227,0,0.0
79.312975,38930.070457,3.362817,15.885263,437.20308,2.723024,4.035314,1,0.0
45.484474,20907.035705,2.058572,26.402633,309.823506,3.531724,3.712836,0,0.0
51.350564,22857.246343,7.093243,6.125224,71.577267,3.035185,2.27608,1,0.0
21.505036,5964.870151,1.336712,23.739629,82.579142,4.17096,2.722969,0,0.0
39.112346,9827.61341,2.502727,17.830985,44.480681,2.529387,2.774517,1,0.0
52.218452,20918.344483,5.877322,11.74989,78.863413,3.258188,2.624892,0,0.0
26.980128,12918.43076,0.716306,23.824451,651.53418,3.174691,3.287514,1,0.0
57.51396,21109.283762,6.036508,12.976848,166.217053,2.538655,3.338885,0,0.0
37.987226,14111.639401,2.828772,19.10603,223.73008,2.748737,2.892215,2,0.0
44.166125,12542.902496,0.640495,68.064044,795.909129,3.327285,2.884473,0,0.0
37.965868,16357.513633,1.216105,34.536375,558.715536,3.485729,4.071389,0,0.0
87.045564,22293.511296,2.963182,37.154681,275.3557,3.308579,3.973232,0,0.0
49.730056,14774.987019,0.639452,52.482078,471.621539,3.561875,2.76949,1,0.0
28.845781,9450.770239,2.245363,12.879786,194.826086,3.690263,4.284471,0,0.0
66.450898,23409.529335,1.348938,44.269606,639.137036,2.519848,4.382038,1,0.0
25.583127,6977.105091,2.439992,6.77718,92.697494,3.42819,2.816856,0,0.0
54.177272,12701.918143,0.593642,79.173324,308.957587,4.426998,2.886062,0,0.0
10.806598,4140.937016,4.604226,1.33356,25.076643,3.538065,3.264085,0,0.0
23.436279,6716.583658,7.760389,1.587946,24.592483,3.855085,4.352802,2,0.0
53.937225,20192.557912,7.439671,4.604922,121.004755,3.123728,4.190799,1,0.0
64.769332,15953.257288,3.269805,28.981844,155.47267,4.047983,2.25642,2,0.0
53.427366,18397.287566,0.778722,72.007173,595.727577,4.045843,2.981827,0,0.0
47.687034,17156.69004,3.339811,20.929538,252.084086,3.542592,3.383428,1,0.0
43.977926,9479.312719,0.549788,74.591096,248.778114,4.452028,3.257831,1,0.0
20.42956,6148.915247,0.544744,30.445585,303.661469,2.7511,2.484658,0,0.0
35.603116,8556.29756,1.281972,27.942731,77.96273,2.533895,4.147042,1,0.0
40.787225,8932.911662,1.841375,20.810572,192.089594,4.040316,3.692352,2,0.0
71.142445,35356.946179,3.442898,12.515174,479.823935,4.114311,4.094771,1,0.0
56.872366,16874.380894,2.799571,23.175508,127.791727,2.740414,4.146911,1,0.0
14.739197,6528.909053,1.68083,6.278938,172.206877,3.031166,3.87089,0,0.0
56.481679,15611.095424,1.139382,55.500429,297.165239,2.535105,3.098027,0,0.0
42.298354,17107.603977,12.203058,3.986838,65.091871,3.086617,3.526367,2,0.0
36.46156,15608.040115,1.610884,14.758263,389.10019,4.046284,2.400914,0,0.0
62.233526,23567.314831,1.700724,20.541113,584.723182,3.535921,3.684114,1,0.0
70.61999,24114.80987,0.857354,105.495997,301.529136,3.196191,2.448133,1,0.0
68.625602,22203.969722,3.667633,17.95896,293.695705,3.243479,3.734874,1,0.0
33.21565,10119.49573,2.866264,6.46827,137.927508,2.502707,2.573995,2,0.0
43.815752,20981.55617,0.998897,65.571014,466.095727,3.099601,2.293878,0,0.0
56.625269,25435.267854,0.671946,47.004475,1634.338936,3.792917,2.413211,0,0.0
69.510903,34026.14797,2.781992,29.859176,260.038437,4.448389,2.00498,0,0.0
40.416515,9590.401237,2.62559,22.838725,164.041744,4.194122,3.796849,0,0.0
46.28682,19406.223576,1.138372,30.05547,247.241429,2.54719,3.831003,0,0.0
27.873301,13421.053767,6.526309,2.742992,78.448453,4.297121,3.287333,0,0.0
26.075868,6632.916331,0.827529,19.580172,253.508437,4.066397,2.403407,1,0.0
66.250516,14571.726906,1.632447,32.599769,123.730959,4.060752,2.208886,2,0.0
77.124801,32572.594797,6.251137,7.415537,102.523805,3.415992,2.047822,0,0.0
48.559798,18080.848939,1.588514,36.443559,119.469816,3.296011,2.41437,0,0.0
70.070658,31710.380474,2.53513,15.541671,359.625034,3.105831,4.227139,2,0.0
57.232721,13846.41011,1.513649,38.167362,201.712467,2.63139,2.603842,0,0.0
37.097605,16270.274741,1.141003,48.662314,483.890184,2.956471,2.885678,0,0.0
57.227912,14907.195587,8.767541,8.576609,37.218102,2.993207,2.263364,0,0.0
80.760731,20117.238356,1.553009,57.994467,284.939824,3.468154,2.555903,0,0.0
49.283479,12285.372855,4.990505,7.962117,97.799711,3.994889,3.298061,0,0.0
81.292873,36124.310436,1.022612,89.344497,421.282297,3.44762,3.519382,2,0.0
5.0,1997.795831,0.97932,5.243645,94.075417,2.615689,2.613381,0,0.0
66.43805,23713.044084,0.563258,109.234425,1856.202826,4.41558,2.14433,0,0.0
51.740941,15918.056385,2.609192,12.507149,223.972299,4.385449,2.977582,0,0.0
44.019853,20388.242253,1.419398,43.002815,484.481571,4.070379,2.585508,0,0.0
51.835216,16469.786124,4.495476,10.951519,167.399202,4.482656,2.548885,1,0.0
10.248622,4560.429964,1.781906,3.995117,44.565595,3.588965,4.399657,1,0.0
45.606562,15129.542511,7.396165,5.350817,26.91748,4.425537,3.540751,1,0.0
57.142251,17890.286294,0.910424,57.374818,384.764622,2.65121,3.392196,0,0.0
79.557881,26954.523163,4.559371,23.164621,247.017489,3.231361,3.039438,2,0.0
39.634596,11510.41618,3.497555,13.979426,37.473877,2.950763,3.072361,1,0.0
33.830128,14353.541883,3.447384,12.456038,138.699112,2.891666,3.352263,1,0.0
39.964859,14020.316697,4.225865,4.832926,165.281451,2.781606,3.741075,0,0.0
68.308042,18420.206855,3.362784,18.609783,242.26533,3.744827,3.755365,0,0.0
56.575022,26583.039873,2.468178,22.494155,332.348407,4.062644,2.429235,0,0.0
39.404796,12419.105756,0.781388,26.182468,199.395935,3.656597,3.250282,1,0.0
60.265349,21880.29054,0.566134,80.882657,1671.743716,2.793925,3.029895,0,0.0
51.941551,24513.380408,5.572767,11.746662,149.378825,4.122248,4.176317,0,0.0
69.3729,26866.139947,2.417615,18.281712,162.215066,3.771909,3.578547,1,0.0
35.958938,8452.846448,3.684545,10.104003,31.554211,3.276331,3.33126,1,0.0
43.446757,20939.148801,1.813717,17.132335,535.510276,3.848261,2.288487,2,0.0
42.157837,16370.411511,0.749558,28.803501,803.016176,3.01981,3.514095,0,0.0
20.729701,6228.688188,0.767487,20.01972,350.366147,3.190384,2.29301,1,0.0
55.922406,13521.009907,2.813958,29.330367,216.988838,4.334972,2.843016,0,0.0
55.221105,24198.305699,1.625311,44.220644,489.395401,3.081009,2.357105,0,0.0
50.102269,19340.569456,0.947599,77.171963,626.545363,3.439977,3.730184,0,0.0
45.308257,16312.709196,1.852952,24.15494,239.609322,4.280282,2.51563,0,0.0
21.692585,10155.769326,0.632726,20.904392,363.998182,3.915443,2.979648,0,0.0
41.587094,18156.058507,2.244411,19.41783,221.520302,2.624406,4.239187,1,0.0
43.14571,10592.378031,1.126666,36.547923,385.041327,2.794606,2.510791,0,0.0
33.954455,9966.196764,3.694615,12.354986,91.922298,2.515683,3.269513,1,0.0
46.774286,12841.727764,1.243177,22.502741,472.080017,3.761844,3.048179,0,0.0
58.081017,24578.950637,1.714747,33.473189,397.552594,3.395347,2.04531,0,0.0
87.723718,18427.22056,0.523377,108.955241,1207.066685,2.76855,3.981895,0,0.0
53.491556,19843.597093,0.65041,67.823632,1075.524672,4.415868,2.172615,0,0.0
55.151008,23645.311044,1.496785,45.592046,531.865065,3.559319,3.185638,0,0.0
48.511082,22462.071164,1.807618,26.193423,473.510027,2.983787,3.401696,0,0.0
11.624576,3517.881693,2.332684,4.364856,29.403608,3.501207,3.571066,0,0.0
49.469722,22082.155785,1.189669,37.19478,566.027344,3.859241,3.721579,0,0.0
51.204604,11940.377131,2.874768,17.08941,58.851043,2.652478,2.633181,0,0.0
99.264842,45059.854413,4.433975,28.768084,257.92647,3.049408,2.024947,2,0.0
46.152781,10995.743023,3.526901,18.216722,91.99234,4.113931,3.808609,0,0.0
56.030947,17884.304287,0.58085,140.386977,1111.175159,3.41933,3.339141,1,0.0
49.305765,21654.530209,1.809804,35.060021,574.580242,3.593154,4.090294,1,0.0
26.626439,6522.818031,0.721707,30.083371,307.528752,3.365632,4.053471,2,0.0
72.856456,19582.024535,1.054263,82.107899,738.206253,2.5878,4.108315,1,0.0
65.038661,27100.034041,9.134365,6.675937,89.748265,2.8315,3.212737,0,0.0
65.820639,27382.107257,0.807458,61.517645,1199.251839,3.391083,2.834071,1,0.0
31.812251,12481.35499,1.881852,22.667109,85.143127,2.918371,3.978896,1,0.0
78.055886,31861.205491,2.425485,17.3274,265.027814,2.599958,3.128235,0,0.0
21.962979,7968.549373,2.924447,10.527417,66.687236,4.187299,2.458605,0,0.0
61.737142,17011.034642,2.140365,27.733062,229.687186,4.462385,4.137435,0,0.0
93.809113,28490.652809,0.519638,205.29658,648.392085,4.086286,4.2064,1,0.0
30.189273,7682.545641,1.29042,27.123,92.880727,4.20757,3.165774,1,0.0
38.674045,18274.84656,1.958426,27.550105,196.636477,2.983954,2.189249,0,0.0
51.993027,19498.297114,0.683938,86.409751,1392.980833,4.421254,2.969565,0,0.0
39.930487,12787.955059,1.363496,32.621964,218.093506,2.893851,4.008844,0,0.0
18.986731,6428.940302,0.567534,18.957236,331.698247,4.40286,4.254435,0,0.0
51.371259,24873.193376,0.663675,78.829055,668.75313,4.489639,2.508682,2,0.0
28.753926,7073.621602,1.511422,12.36909,161.141857,3.923446,2.167434,0,0.0
59.471849,22353.621269,0.784777,93.775012,604.640117,4.462287,4.193376,0,0.0
31.611515,11119.875379,2.176535,14.70129,93.390659,3.63908,2.973512,0,0.0
80.998688,31057.834891,2.838917,33.67372,335.453063,3.019084,3.354402,1,0.0
34.334934,7053.530421,3.724751,4.993166,19.353967,3.373992,4.420165,0,0.0
43.55877,20108.347279,0.946663,26.908021,218.924759,3.687122,2.166412,1,0.0
66.270344,31785.608735,0.866602,93.01403,688.188256,2.646163,3.620795,0,0.0
25.382714,9379.92687,0.720898,20.143016,149.22648,3.744687,2.185264,0,0.0
54.549199,22310.363002,2.523568,12.348228,126.609369,4.462356,2.938672,0,0.0
76.142855,36301.092026,2.95159,13.210982,289.6918,2.880215,4.009536,0,0.0
17.850335,7357.401091,0.564191,46.08194,549.054363,4.08519,3.083681,0,0.0
53.692677,13195.60431,6.004388,11.066096,72.263341,4.315798,4.492956,2,0.0
55.197656,20582.461155,0.606741,77.623698,1034.878446,4.387403,3.397648,1,0.0
65.636457,25074.079382,2.058702,25.395506,264.778164,4.420271,2.802905,2,0.0
25.260986,8266.384814,2.96928,7.228803,131.59865,3.542919,2.550278,0,0.0
23.590868,9930.181115,4.595407,6.54353,55.9252,4.454616,2.876301,2,0.0
60.438831,29029.381379,3.004135,23.36509,130.295006,4.01462,2.931333,0,0.0
55.939693,26720.744361,3.736232,10.258901,248.043101,2.823343,2.171784,0,0.0
55.009857,18442.154208,1.329365,27.895006,201.899741,3.4538,2.923935,0,0.0
56.928964,13319.750235,3.872909,8.795983,81.88391,3.936662,3.160596,0,0.0
36.399506,18034.220925,0.667013,63.318783,819.134637,2.994681,3.806844,1,0.0
54.645074,24681.509178,5.004101,13.807024,221.798166,3.78123,3.641824,0,0.0
55.861449,13261.441313,2.086343,20.483974,189.048447,3.833201,3.771914,0,0.0
35.712972,17008.394339,3.899795,4.770633,166.12557,2.825399,2.020909,1,0.0
87.31549,40249.726234,1.704122,29.829206,1174.16568,3.630171,2.544168,0,0.0
59.476658,21152.957853,2.563278,34.059283,125.926618,4.043254,3.654211,0,0.0
26.17393,9877.586581,1.994796,10.437117,103.932072,3.497791,3.209973,0,0.0
63.131072,20183.054983,3.130476,25.595924,166.230512,2.524206,2.013284,1,0.0
30.506367,6602.446908,0.67031,51.184391,264.696108,2.518077,4.011237,1,0.0
65.741692,19759.268568,0.6245,92.842592,836.591939,3.214059,3.932024,0,0.0
73.171912,32258.278782,1.067654,48.364424,1399.049783,4.352388,3.371048,0,0.0
33.586354,6763.942555,0.847623,24.621919,307.715182,2.957354,2.166158,0,0.0
69.267523,20783.702939,4.608071,16.760632,154.775798,3.768727,3.916288,1,0.0
58.255619,18609.792766,0.994908,74.634595,418.523403,2.944152,3.459284,0,0.0
66.441203,23999.803776,7.948206,9.562205,129.693467,3.14334,3.9549,0,0.0
87.93586,41853.660246,1.321646,68.551251,1526.465748,4.196084,3.879367,0,0.0
45.092238,13703.702305,0.902074,27.090669,650.916842,3.957723,4.007505,0,0.0
34.925277,10620.286317,3.618426,14.173946,29.534315,2.690799,3.29502,0,0.0
32.209711,13568.352991,2.650032,15.785169,181.537503,3.357404,2.350811,1,0.0
33.683794,11306.48369,1.87909,14.2118,72.47725,2.55834,3.677894,0,0.0
48.457966,12956.761012,2.120997,33.812573,124.035002,3.46178,3.551184,0,0.0
56.823039,19077.304448,3.040238,20.594527,77.689933,3.824868,3.855633,1,0.0
55.533816,13453.461552,1.01872,59.006466,451.017179,2.737005,2.424703,1,0.0
66.543665,16829.963957,11.717262,7.087949,53.810434,3.07777,2.487438,0,0.0
50.260038,17566.402502,7.86128,8.386624,32.578596,3.295673,4.226024,0,0.0
79.070682,25751.552551,2.601506,35.150234,250.967465,4.339062,3.874944,0,0.0
44.706863,21211.339869,0.945144,29.709974,633.987187,4.48651,4.270571,2,0.0
104.403383,32231.221416,2.780296,31.477935,287.060629,2.589823,3.896788,0,0.0
62.513347,23391.025685,0.649875,137.37153,534.174033,4.022016,3.492888,2,0.0
32.856849,12803.633421,0.562264,42.344123,609.319375,3.243448,3.635332,1,0.0
28.58215,5828.710325,1.095958,22.74578,212.985514,3.284916,4.22282,0,0.0
59.649448,23803.781112,1.742111,31.914088,175.446867,4.00853,3.447017,0,0.0
45.530744,11537.981883,4.55404,9.392058,33.461376,4.336853,3.580978,0,0.0
64.28001,31389.284828,3.097806,23.093689,245.119786,4.401857,2.391192,0,0.0
59.464752,14545.008191,3.215076,26.690552,215.654762,3.654245,3.184803,0,0.0
48.543422,15746.866461,1.608487,22.353774,359.707958,3.214242,3.790993,1,0.0
33.064126,7459.428772,1.349097,15.231965,205.392112,4.075098,2.677357,2,0.0
19.703056,9833.051716,1.427371,9.627698,168.6188,3.002003,2.505635,0,0.0
41.069701,14401.439861,9.288128,6.132624,52.324561,3.628148,2.784567,1,0.0
67.127976,25415.692503,0.581871,132.187197,454.493088,3.217157,2.603752,0,0.0
54.281875,11948.686062,4.535286,9.406351,93.380515,3.813262,2.537282,0,0.0
25.085224,10660.922898,2.228703,14.811672,222.58165,2.980798,3.062127,0,0.0
53.463619,14059.41747,1.654698,43.986129,293.159943,2.883186,4.269596,1,0.0
57.706348,27088.299414,3.083843,25.19662,394.820133,4.336478,3.267649,2,0.0
32.322851,8453.779682,1.833669,25.012018,179.612687,2.703607,2.469801,1,0.0
53.074502,13651.097174,4.633813,8.615976,43.666236,3.511916,2.192429,0,0.0
51.164174,10793.844947,5.119257,12.543458,97.196936,2.941706,3.74039,0,0.0
27.140594,9271.772004,1.595397,16.340513,73.561488,2.57786,2.956997,0,0.0
57.155747,21116.324549,1.148216,66.801841,576.703835,2.572038,4.054577,0,0.0
61.215691,13449.858026,2.294694,32.772517,91.937105,2.850444,3.648777,1,0.0
71.661025,31004.736119,5.369112,17.036622,60.450552,4.233541,3.990604,1,0.0
71.076041,23880.600955,0.973122,84.44514,659.674134,3.064957,2.679865,1,0.0
22.446613,8020.558103,2.450843,6.204388,71.347382,4.400918,3.730897,0,0.0
31.243499,10379.991,2.496956,13.07604,122.383871,3.663245,2.660155,0,0.0
60.300705,19310.029643,3.14186,28.494787,203.360483,3.373228,4.347671,0,0.0
60.275719,22174.960812,0.782131,110.773733,333.123237,3.660178,3.590936,0,0.0
60.300954,14868.531211,3.01633,10.858857,73.546482,3.533397,2.81128,0,0.0
127.05463,32345.369344,5.294506,15.953857,197.607368,4.017553,2.67378,1,0.0
61.41781,28162.257758,0.896129,43.29666,745.648434,3.064992,2.477316,1,0.0
72.711313,35180.251755,1.042419,85.515127,1321.831768,3.206101,3.736602,0,0.0
69.080035,21552.473275,7.608354,11.964829,102.238232,4.288189,2.546789,0,0.0
63.027825,17724.899371,0.899286,50.007522,863.773025,4.392913,3.488258,0,0.0
43.694615,17180.716673,4.35358,10.095221,148.775986,4.285116,2.661588,0,0.0
65.179384,21028.18938,1.855642,47.092167,308.199973,3.338896,3.654922,1,0.0
34.543496,7171.779182,1.067994,39.874079,247.915744,4.060731,4.037349,0,0.0
45.263628,11173.13549,4.592012,10.27337,51.133621,3.452671,3.945063,0,0.0
40.292729,16713.088315,1.678675,26.171292,221.548985,3.49508,3.902128,0,0.0
51.637483,20535.04867,1.94646,26.75072,438.449569,2.90936,2.469306,1,0.0
96.293171,20041.381981,1.39018,55.243547,401.594336,3.682261,2.220962,0,0.0
12.654696,3373.636308,2.297643,5.865808,61.573612,2.872272,3.747372,0,0.0
63.725204,17162.627314,0.857115,88.391866,858.955646,3.163129,2.920868,0,0.0
17.745683,7126.095121,1.492142,16.332598,211.577599,4.21006,3.080866,1,0.0
40.561363,8352.118418,7.474316,6.166387,52.145912,2.914152,2.077873,2,0.0
71.779012,16597.645733,1.097172,82.50491,412.068624,2.642317,2.648941,0,0.0
51.2856,22564.373084,2.638515,12.83001,194.596191,2.638015,2.084191,1,0.0
28.445104,7212.637356,1.286648,21.258024,186.604133,4.381569,4.197964,2,0.0
35.693926,14128.506508,3.469783,5.239533,101.173332,3.513841,2.608492,2,0.0
63.591955,17262.343602,0.780534,60.833731,752.897016,3.318824,3.393343,1,0.0
35.392667,8134.382314,7.501221,5.786758,41.44979,4.121757,2.097448,1,0.0
54.329172,14829.23748,1.709502,47.41077,325.611368,4.171652,3.667118,0,0.0
50.911437,21213.781535,1.038507,29.373914,510.314418,3.164382,2.807568,1,0.0
36.967993,16883.612935,0.652675,51.061268,431.338813,3.887236,4.244798,0,0.0
92.878882,41708.744155,0.872076,138.461733,1301.906163,4.042246,4.220295,1,0.0
62.67838,20004.122202,1.966997,22.434107,159.705428,3.809301,2.813227,0,0.0
9.497148,3802.900732,1.32197,7.579822,131.188312,2.80319,4.252402,1,0.0
53.729086,14049.902928,4.03082,16.436308,83.080078,4.251766,4.490394,1,0.0
36.764271,10586.062894,1.627354,25.211713,105.241645,3.578189,4.063539,0,0.0
67.048667,31439.169802,1.071938,43.035251,323.147237,3.064945,4.112178,1,0.0
34.149585,6963.120135,2.420198,12.069686,103.094364,3.350456,2.622522,0,0.0
47.705271,10764.81653,2.953645,20.734933,129.295701,2.575142,3.441756,1,0.0
60.099746,15768.122429,0.865544,73.201077,430.375345,2.755734,2.16814,0,0.0
67.315104,13998.826195,0.866931,39.229883,207.794678,4.031094,2.237295,0,0.0
25.994072,6613.688093,0.574721,57.03334,303.630896,2.500023,4.497232,2,0.0
43.309975,16237.449735,3.16666,7.32138,115.108539,3.333132,2.816598,0,0.0
40.501094,13220.665328,2.680125,18.825085,182.934027,3.54502,3.87046,1,0.0
36.933415,17277.507592,1.787308,14.516245,330.905019,2.609269,4.016663,0,0.0
85.309085,37982.425601,4.217985,29.489653,221.373577,4.446156,4.145058,0,0.0
58.099634,17577.765775,3.776397,13.353216,87.114851,2.952251,4.494071,0,0.0
24.782321,6885.198617,2.260662,9.06517,150.825261,3.108397,2.603741,0,0.0
68.357239,21457.865189,4.554021,9.740006,132.686002,3.107885,2.100877,0,0.0
92.443124,34859.237348,0.960944,77.499411,1361.475152,2.960833,3.027979,0,0.0
70.649305,19811.414035,0.737386,131.89756,419.720803,2.502948,2.325202,0,0.0
19.612601,7594.875125,1.128736,25.999895,197.98124,3.95869,2.056065,0,0.0
40.315319,13014.73206,0.617562,56.684451,233.956416,4.433691,2.901067,2,0.0
75.338223,27544.720679,2.015028,35.46682,413.072162,2.948587,3.959346,2,0.0
35.846611,11859.419508,6.016762,7.280843,95.716206,3.826094,3.415452,0,0.0
58.876389,16976.401856,0.580277,140.64701,742.166319,3.983793,2.781945,1,0.0
65.492681,31733.561196,0.760468,94.134699,482.380615,4.196851,3.635855,0,0.0
31.461391,13499.508153,1.703686,16.463497,89.048425,3.345258,2.580045,1,0.0
48.809493,11813.554492,5.932417,7.508678,50.818349,3.105862,2.035954,1,0.0
5.0,2302.701964,1.260051,4.744324,29.972281,3.15059,3.910883,2,0.0
29.512247,10218.006435,1.915445,7.753343,58.328242,3.925243,3.559358,0,0.0
44.948637,21052.398384,0.584923,86.035212,1448.614124,4.133559,3.905757,1,0.0
25.044336,11018.420493,0.821143,26.09198,380.289502,2.863228,2.097345,0,0.0
82.648226,27072.58777,9.129502,11.716204,63.962968,3.241882,4.092799,2,0.0
21.397172,4423.668388,7.211609,1.75943,28.218873,4.30388,3.548816,0,0.0
41.19911,11560.6025,0.509904,87.924248,332.045505,4.113387,3.408488,1,0.0
52.614812,19072.356948,6.565282,7.861613,140.12934,4.469717,3.561535,1,0.0
78.825466,30745.357878,2.538419,35.472605,273.23081,4.008497,4.161083,1,0.0
21.282757,5903.119676,4.548669,2.642892,59.095379,3.28639,3.467341,0,0.0
73.263275,17715.559724,1.712985,46.19023,352.842892,3.681276,3.452376,2,0.0
50.204661,22616.149148,1.949672,27.333557,499.591162,3.822029,4.476698,0,0.0
30.369827,15042.802568,1.842171,17.485925,403.068258,2.656912,3.891825,1,0.0
59.242069,21191.306189,2.69841,24.226445,169.129413,3.588994,3.105735,0,0.0
53.981194,13576.474628,0.800835,79.301168,821.290382,3.918642,3.768493,0,0.0
37.995662,10703.08167,0.560864,88.406325,488.134551,2.834643,2.973076,0,0.0
51.396042,10562.770734,1.236136,32.007588,217.217704,4.061263,2.572189,0,0.0
42.293728,20059.47714,2.939397,19.065572,161.160372,3.667546,3.49213,0,0.0
52.270347,12300.536366,0.950926,54.871951,409.484521,4.404444,4.320455,0,0.0
63.242613,23586.645288,2.738237,13.3278,139.249107,2.584845,4.322849,0,0.0
81.720336,23062.832706,7.507261,6.08011,98.762327,3.030652,2.854763,1,0.0
25.24369,9245.587319,0.697213,30.204916,419.945021,3.703108,3.319194,1,0.0
92.660667,36640.4479,2.733158,43.561113,542.618222,3.09312,2.52909,0,0.0
10.958244,4919.402747,1.673076,7.91002,127.45175,3.928848,4.489078,0,0.0
46.964298,12301.188662,4.552063,13.294828,74.632085,4.018011,4.452795,0,0.0
61.766344,12557.020467,0.889962,70.601865,311.728293,2.705032,3.623772,0,0.0
55.619837,13408.034415,2.85938,18.288482,95.533723,3.527709,4.011035,1,0.0
37.54601,17646.834492,4.141742,5.869332,75.776847,3.517781,3.78775,1,0.0
45.837555,21184.606345,6.286865,6.038357,41.466729,3.238562,3.482896,0,0.0
40.139981,15222.041487,2.799272,13.393309,128.865879,4.36585,2.13337,0,0.0
38.212705,14526.753038,1.875025,11.99558,161.224705,4.155013,3.136911,0,0.0
66.992042,26764.057826,2.42387,19.916609,537.260977,3.894419,3.686966,1,0.0
57.14031,14434.292697,4.563666,13.750554,102.187198,3.928653,3.693829,2,0.0
36.141808,17142.91194,2.190778,20.385039,186.948505,3.423432,2.932807,0,0.0
67.991998,22140.312847,0.561717,181.364827,1309.330102,4.341989,4.35423,0,0.0
56.14599,17682.705724,5.845811,13.764312,47.090477,3.889191,2.418393,1,0.0
66.257242,23566.065327,2.839315,26.662493,230.420083,3.957962,3.250899,2,0.0
62.592577,13400.431633,2.757195,20.91375,170.345844,4.223382,3.72721,0,0.0
33.4201,8351.181989,0.985864,38.515618,250.365985,3.048143,3.74284,0,0.0
38.796379,16349.185452,2.651074,18.814499,160.780914,4.114142,3.621597,0,0.0
64.945872,14602.40393,1.501303,26.749017,483.930959,2.890481,2.688221,0,0.0
62.207405,23697.639383,2.606702,21.714341,411.029551,3.190684,2.390516,0,0.0
49.581968,13565.861145,0.725426,91.573809,653.326553,3.171221,3.589851,0,0.0
52.346548,16582.793958,2.644985,17.491823,205.484233,4.457051,3.498255,0,0.0
75.553298,21654.188753,15.383446,5.264327,49.022687,4.213074,2.44839,0,0.0
38.168572,11706.370375,0.598826,69.333335,352.905633,3.90234,3.762848,1,0.0
60.941948,25334.406892,8.059726,5.175525,81.115321,3.954114,3.13793,0,0.0
45.956147,13287.600158,1.544811,25.650393,99.590736,3.624146,3.669401,0,0.0
45.646376,16885.57093,4.592067,8.295266,106.716729,4.394181,4.093418,0,0.0
71.975537,24674.302415,3.55006,10.668352,220.473206,3.492518,2.424321,0,0.0
66.508327,26543.563058,2.17411,16.03558,233.312556,3.261035,2.047862,2,0.0
66.270193,31879.204755,3.182254,27.732491,486.476308,2.826071,3.947756,0,0.0
76.109576,31948.640772,4.715938,12.476434,314.194099,4.072411,3.524244,0,0.0
50.420077,13335.208487,1.5355,33.429895,337.707102,3.968888,3.749099,1,0.0
63.639059,13323.151501,1.292118,39.33861,323.102847,3.26871,4.095387,0,0.0
43.794665,12204.662752,2.702793,23.344027,202.292188,2.550387,4.007027,2,0.0
56.483327,21380.259824,3.798916,11.289434,85.692305,4.177995,4.4023,0,0.0
47.397139,10210.65871,3.373367,13.062046,125.97848,2.522836,3.339838,0,0.0
51.939919,18122.350707,3.697131,19.285089,73.49087,3.9074,3.221239,0,0.0
61.903141,23464.562123,1.643925,50.531443,596.181603,4.440514,3.004718,0,0.0
33.635586,10099.864041,3.905676,5.908688,54.384241,3.375323,2.384228,1,0.0
91.847746,39611.513474,0.756142,158.23068,2361.766343,2.969947,3.431518,1,0.0
29.879652,6931.466098,2.072671,13.813233,159.725519,3.909742,2.692531,0,0.0
25.716228,5722.923641,0.511551,49.414957,178.459674,4.134256,4.303269,0,0.0
73.162217,30615.214736,1.284858,36.071524,679.256702,3.592861,3.457977,1,0.0
65.833254,22952.59246,1.412869,27.053381,799.914192,4.434071,3.4821,2,0.0
62.482396,25400.388681,1.508934,50.846881,493.827644,2.603337,2.887312,0,0.0
62.56691,20675.122949,2.877953,21.663139,319.987601,3.509591,2.129973,0,0.0
49.755065,13628.937629,1.483871,31.41316,308.140587,3.936908,2.079359,0,0.0
32.054913,14287.858468,1.690929,23.307764,211.354216,4.225281,3.058338,1,0.0
51.516091,22658.052622,1.042421,62.541199,465.831311,2.858511,2.211413,0,0.0
36.456766,14889.26911,1.434421,16.746593,188.17799,4.100007,3.517117,0,0.0
69.502395,19574.900554,1.01565,75.974294,780.026394,3.605414,4.202433,1,0.0
47.058852,17744.443819,0.652026,45.855573,692.920479,3.293107,4.207287,0,0.0
33.490056,10324.722027,2.349899,17.834221,133.792251,2.76343,3.647614,0,0.0
43.572283,9911.588643,2.706523,18.625808,108.739145,4.230592,2.52808,0,0.0
58.258629,27684.155221,2.432487,34.886252,376.610715,2.814546,4.157492,0,0.0
38.725509,9334.613123,1.745355,12.623899,238.655854,3.119576,4.215234,0,0.0
33.555592,16276.851527,1.455381,12.843582,550.579287,3.080091,2.491634,0,0.0
54.873744,18316.950859,4.480425,9.57979,107.533874,4.242828,3.843565,0,0.0
54.899331,14028.96849,1.964116,21.29056,307.853063,3.845406,2.716299,0,0.0
39.861136,14452.463587,1.804709,16.498742,324.98154,4.093363,4.006601,1,0.0
40.579234,18742.888751,0.551953,103.386923,1118.595859,3.000936,4.493095,1,0.0
54.640999,22931.04948,1.334816,30.682851,828.756372,3.749748,2.075065,0,0.0
21.038313,9298.26844,1.456703,11.148822,115.016822,3.643492,4.243415,0,0.0
21.850725,8688.61306,1.517731,18.131516,82.267744,4.165661,3.556576,0,0.0
35.631116,14526.198999,2.235822,15.135502,286.898875,4.312174,4.433457,0,0.0
45.731057,20796.595808,2.025434,28.826077,283.039955,2.524314,3.162524,0,0.0
56.218151,15454.392432,2.372503,13.396756,285.824535,3.84804,4.11847,1,0.0
79.507124,27575.256299,3.395346,23.12546,371.343633,2.603672,2.155985,0,0.0
67.153192,17887.114559,3.853141,9.299908,58.019834,3.597717,2.838198,0,0.0
46.801229,23227.468984,3.032569,8.68335,347.263504,3.075265,2.167541,0,0.0
49.619676,23977.110692,6.725597,10.376323,99.581775,3.113553,4.438358,1,0.0
29.949413,6344.125495,0.536802,35.664984,359.483156,3.205917,4.042435,0,0.0
49.629737,20431.200589,0.93576,54.756323,765.574115,3.742585,4.131369,1,0.0
44.226827,21121.604686,0.515183,78.214633,1929.184538,3.1681,4.344913,0,0.0
56.454371,14349.154511,2.585266,18.50341,59.747641,3.965398,2.212759,1,0.0
33.455381,12391.32347,5.066164,9.244067,71.111417,3.309055,2.963994,1,0.0
60.38693,28662.444458,1.058059,29.782198,1016.102651,2.636706,2.177587,0,0.0
80.654778,16952.327265,5.735538,16.365543,114.999818,4.06752,2.526983,0,0.0
47.824797,19571.154224,0.62432,112.100467,1181.858878,3.071517,2.573414,0,0.0
58.034234,16783.77349,5.949458,10.341455,43.380572,3.365534,3.172768,0,0.0
63.80288,30454.317779,1.366565,67.083098,489.737944,3.870888,2.671405,1,0.0
41.975591,20623.341106,0.713881,32.472293,703.408511,3.164912,2.252445,1,0.0
54.48185,26329.98539,1.830565,27.345413,606.661108,2.613171,2.418728,1,0.0
50.251848,17199.411826,1.093517,34.932543,332.664522,3.247842,2.368189,1,0.0
51.953522,23826.549937,1.17059,54.626714,375.093242,4.388897,4.432692,0,0.0
34.539804,15659.132155,1.234288,41.452019,612.744987,3.783469,3.898231,0,0.0
50.490203,14931.475045,3.749366,10.187684,41.235885,3.842958,4.419404,1,0.0
59.959966,26902.516216,2.049414,33.767828,655.202244,3.764564,3.099351,0,0.0
79.022872,16681.909307,1.245921,44.277015,496.376383,2.897984,2.695921,1,0.0
69.185417,26213.037275,2.38493,30.90461,474.143251,3.336668,3.995733,0,0.0
93.063649,25034.36835,3.018623,29.717875,180.667815,4.00188,2.815635,0,0.0
34.653049,8184.012799,1.136623,44.878074,76.125811,2.702746,2.748458,2,0.0
67.446413,15046.347766,1.567333,47.70282,379.340739,3.055706,2.581265,0,0.0
53.66684,21943.653546,0.759958,59.990588,1252.179513,3.052638,2.324197,2,0.0
93.796059,28322.891345,0.899707,64.020571,1247.212421,3.364038,2.641158,2,0.0
33.834034,14123.341999,2.785867,7.909317,79.664366,4.460737,2.888299,1,0.0
33.205563,7292.170862,0.900413,26.748341,325.05825,2.635005,3.684986,1,0.0
38.012147,11197.888228,1.989569,14.347758,229.392063,3.537402,2.156412,0,0.0
7.522086,2721.846993,2.969182,3.421632,33.314337,2.858729,2.526267,1,0.0
39.4849,17263.467338,0.726062,57.711722,966.401759,4.441353,4.022559,0,0.0
34.817347,10292.904282,2.175478,16.378819,207.406663,2.726607,2.367305,0,0.0
53.007876,20554.726837,1.092942,29.816399,649.664775,3.307202,2.856613,1,0.0
56.83512,26473.419266,7.089726,10.903623,50.574731,3.97577,4.161647,0,0.0
87.523417,33675.418507,1.821537,58.755272,545.471845,3.909109,2.387313,0,0.0
69.008477,18624.548903,3.779717,10.364248,64.579653,3.345457,2.206842,0,0.0
38.461927,7973.9357,2.098022,22.142596,99.964721,3.193048,3.211345,0,0.0
32.031707,14767.56686,0.588766,56.773496,659.267851,3.295225,2.756049,1,0.0
59.838383,12349.494835,2.505612,13.892616,62.301138,3.028553,3.408521,0,0.0
23.595336,10910.731095,6.548401,3.452969,39.909406,2.910666,4.009512,2,0.0
86.629175,31072.251378,2.340657,36.444226,191.690186,3.466079,2.342871,1,0.0
73.588802,35449.220679,3.920604,12.496428,382.73296,3.037068,3.451748,1,0.0
40.616487,17856.428055,4.811893,12.202927,177.779762,3.074923,3.263772,0,0.0
15.737309,7858.901247,1.017748,20.874497,99.555215,3.813512,2.360197,1,0.0
77.077447,23525.080958,0.976628,92.261578,1161.155623,4.437075,3.559996,0,0.0
47.709203,20522.423186,2.388254,19.223396,265.55204,3.707274,2.684101,1,0.0
74.756326,23965.328799,1.558755,43.727365,337.975456,2.653959,3.219586,0,0.0
18.111447,6229.661899,4.16343,5.00688,19.563103,2.651167,2.205681,1,0.0
38.0125,14758.415248,5.105633,7.783458,86.790612,4.402846,3.14896,2,0.0
50.104874,23153.619314,1.372121,20.532172,705.019923,3.094582,2.766159,0,0.0
50.939612,25226.571367,1.040655,49.561556,928.031096,2.684134,4.055953,0,0.0
40.998691,17649.199305,3.533039,15.159992,59.990839,3.698089,2.142447,1,0.0
62.456999,20319.137534,1.142632,52.432656,229.683236,3.747298,3.046518,0,0.0
28.647591,9350.777254,3.958858,3.994138,61.683171,3.79701,3.146079,1,0.0
47.15241,19864.117054,1.602387,37.85049,270.389535,3.034804,3.812515,0,0.0
52.405913,14235.182799,2.702531,13.600439,101.635526,2.530221,3.435719,0,0.0
60.288777,14055.860077,0.700824,65.260779,425.997087,4.430031,3.668031,2,0.0
64.232298,19679.918298,2.455584,17.387153,337.719307,3.001786,3.942623,1,0.0
27.507158,7871.770145,1.702112,13.416775,218.143358,3.852053,4.155507,1,0.0
19.317717,5580.742205,2.26672,10.710439,64.515404,3.91326,2.784689,0,0.0
75.553536,20405.674807,0.86788,88.742939,1087.303764,3.720015,3.345057,1,0.0
56.64628,12044.582833,3.170243,12.594904,86.85048,3.125815,4.10027,0,0.0
35.030269,7193.892478,4.472589,10.79146,46.737226,3.042193,4.473628,1,0.0
81.02304,40213.088965,0.988581,113.06909,774.548698,3.695337,4.223798,1,0.0
52.313493,17176.190548,0.70122,102.249938,872.478079,4.232191,2.928668,0,0.0
73.585944,23201.50044,0.547845,99.234317,2081.918065,4.393467,2.487916,0,0.0
51.35037,20740.115681,2.554285,19.123349,277.205448,2.711812,3.223481,0,0.0
91.214958,24215.397497,2.36837,57.192615,248.583794,2.809657,3.854104,1,0.0
85.106817,41275.815119,2.082391,51.986847,711.838459,4.389473,3.231423,0,0.0
45.020717,19624.688321,1.027793,23.091661,284.821934,3.97307,3.207952,1,0.0
69.431419,15748.663634,1.491565,26.309915,480.900393,4.265988,4.095576,0,0.0
62.907519,20462.194973,2.305152,26.305653,267.396684,2.905265,2.903509,1,0.0
77.372631,35880.435195,1.873403,58.201599,535.772972,3.675172,4.149487,1,0.0
30.701531,14841.721938,9.310266,3.425223,53.298895,3.902279,3.017012,0,0.0
63.721029,21679.197444,0.793383,80.139884,956.138798,3.860224,2.820583,0,0.0
71.16849,27330.366595,2.875835,14.983699,122.319262,3.316303,3.134975,0,0.0
14.82521,3707.936066,1.536099,11.164323,90.048482,2.53079,3.906117,1,0.0
26.33483,13097.643055,1.617931,21.519687,159.293491,3.665852,2.315005,1,0.0
9.215356,2483.552481,3.028846,2.678705,31.61636,3.006203,2.491048,0,0.0
44.611863,21539.478976,2.858145,19.910613,323.31235,3.400508,4.378612,1,0.0
64.350845,25411.76229,9.978774,9.444077,107.359658,4.415162,2.438729,0,0.0
80.047141,30603.706089,0.774836,72.70503,1267.855178,3.298071,3.419318,0,0.0
51.481896,18214.632043,0.719875,73.183519,779.489269,4.179603,3.448286,2,0.0
82.572311,22228.544006,3.077166,21.121971,113.520843,2.877081,3.224061,0,0.0
22.397971,5665.755081,2.227335,13.000883,104.328473,3.844921,3.611863,0,0.0
15.932351,4240.329359,1.140853,15.048909,77.51909,4.454014,2.574567,0,0.0
48.889046,12512.245838,0.665501,83.348666,561.551759,2.703786,3.381656,0,0.0
57.681309,25026.497664,0.679102,110.241784,787.570316,2.51664,2.930433,0,0.0
49.346105,15052.416352,4.992237,8.856281,46.292228,3.367166,3.654168,0,0.0
8.651158,1880.35344,0.926058,13.219655,71.437393,2.685251,2.353059,1,0.0
48.217599,23661.860506,1.281266,38.875747,224.810843,3.996769,3.427194,0,0.0
23.91061,11121.679881,1.014064,15.513919,438.10317,4.329097,2.463176,0,0.0
63.393451,30322.71586,1.376998,55.056105,499.950392,3.368042,2.696608,0,0.0
57.331965,28578.399101,0.643903,115.149714,444.070127,3.017423,2.546775,0,0.0
31.202404,7868.265815,1.964025,12.97587,121.969272,3.368807,2.457094,1,0.0
39.722662,12666.468626,0.640014,84.23378,234.999059,3.946896,4.064277,2,0.0
28.81573,12317.90437,3.722444,10.885064,69.645707,2.518108,2.714269,0,0.0
48.746418,19927.837218,1.032395,36.68298,738.883035,3.678908,4.317809,1,0.0
69.102846,17010.962836,2.053109,49.931853,103.631138,3.726583,4.424816,0,0.0
30.285479,13469.464925,4.741846,4.092131,123.772959,3.775376,3.428151,0,0.0
60.08093,16061.565569,2.604664,16.193165,62.60685,2.984044,2.357503,0,0.0
39.394848,10524.147777,2.022671,13.326403,103.400842,3.928105,2.936371,0,0.0
34.142543,12328.610425,1.284112,37.064019,380.542173,2.682783,3.994331,0,0.0
47.859393,18085.202135,1.309936,42.172848,312.720882,2.898541,2.918477,1,0.0
29.295154,10957.14507,2.714218,7.038305,56.822783,4.25494,2.217543,0,0.0
38.927014,8853.795596,10.778993,3.395863,20.049688,3.977446,3.391962,2,0.0
26.042442,12063.855555,2.668467,10.884556,94.105692,2.527491,4.112802,0,0.0
89.294503,24973.887644,2.131911,24.438232,512.01507,2.996753,3.989816,0,0.0
50.705271,12111.180964,3.123491,22.441491,87.37414,2.928813,2.437808,1,0.0
36.00549,16801.040956,1.751746,26.794346,398.577155,3.041613,3.681912,0,0.0
54.279598,26417.63345,0.624054,87.431932,1933.523375,2.99512,2.551261,0,0.0
47.753439,21901.555377,2.152429,32.549439,278.321253,2.625053,2.545519,1,0.0
45.580608,20185.592066,6.822407,6.131576,137.277882,3.417881,4.185179,2,0.0
62.283334,24699.86334,0.885478,104.390289,699.945769,3.965467,2.624172,1,0.0
65.150154,23796.563632,2.842398,26.769714,406.570779,3.713463,2.658118,1,0.0
39.389977,8905.917352,0.948623,47.115335,127.413544,3.845743,2.001633,1,0.0
38.483635,12412.35637,2.034999,12.593798,228.611767,2.662298,4.176673,2,0.0
44.498966,13875.069312,0.703349,87.430791,586.933192,4.402981,3.981487,0,0.0
5.0,1389.630676,1.697023,2.732696,20.885897,4.176984,3.568322,0,0.0
19.696179,8213.819314,3.322513,3.925783,87.28857,4.110181,3.875664,0,0.0
77.337485,26972.431789,1.354108,29.276683,759.994163,4.145968,2.380121,0,0.0
82.899354,18595.474543,2.686723,32.698971,70.420457,4.365421,3.145809,1,0.0
45.019279,11977.602555,3.673885,12.589612,54.374026,3.588508,2.878048,1,0.0
61.531139,24918.734894,5.739469,13.072326,167.248138,2.900564,2.234441,0,0.0
56.225003,12529.137961,1.034823,75.536816,443.80595,3.733567,3.215326,0,0.0
111.577616,50808.214735,1.519372,42.549681,1626.598146,3.985763,4.301849,1,0.0
72.391498,25231.619326,0.830731,107.315014,1228.322051,3.975835,2.100148,0,0.0
47.441648,16328.275429,10.28131,3.171965,76.280348,3.542898,2.728652,1,0.0
30.889191,11667.537434,5.734618,7.315743,77.520781,2.636917,2.518852,0,0.0
17.871074,7995.594989,2.052871,11.482981,85.382921,3.242226,2.595367,0,0.0
54.069273,16455.591818,4.190742,13.4284,55.815797,4.341533,4.271086,0,0.0
34.872985,14067.931173,1.971934,21.402735,294.444495,3.668898,3.170173,0,0.0
21.554926,7969.278315,2.45413,7.152538,116.142582,3.576664,3.165749,1,0.0
37.068542,10383.213083,0.686698,52.424473,180.348805,3.037707,3.901439,2,0.0
28.36904,13151.574735,3.315203,11.309585,96.804022,3.236898,2.386231,1,0.0
83.742833,36782.180716,0.773275,103.88493,2296.142915,4.290692,3.218163,0,0.0
67.632795,26886.440441,3.998177,14.510435,201.848126,3.832926,3.074963,0,0.0
49.840547,22686.147073,3.546778,13.971016,174.676769,4.074774,3.492277,1,0.0
79.598883,36630.471386,2.96711,35.633041,349.476345,3.408691,4.498894,1,0.0
51.547366,21263.74695,0.573661,75.049193,680.3719,3.760494,3.923622,0,0.0
32.774316,14784.624984,1.222308,18.065883,299.346904,2.996767,2.994664,0,0.0
80.462482,32928.581693,1.11064,87.806698,735.056051,3.910922,4.068883,1,0.0
60.778201,24556.959909,1.393001,57.853941,213.206527,3.355203,2.426771,0,0.0
29.255077,11280.272417,0.683447,25.710389,671.796662,3.385091,2.076159,0,0.0
46.193226,19669.76834,6.027903,5.669828,86.995352,3.798645,2.511121,0,0.0
32.487635,8043.338414,2.113986,9.865794,163.178101,4.372561,2.851029,0,0.0
22.344005,10373.455371,1.229196,15.413656,371.443077,2.628013,3.276452,1,0.0
411.939679,351685.527467,0.307183,1790.332187,85665.141576,2.421529,2.031654,0,1.0
483.108666,387903.025746,0.132233,6880.057664,457596.814631,1.328158,1.410212,1,1.0
270.744539,343657.136029,0.432935,757.062333,103431.861827,1.489331,2.10471,1,1.0
404.504722,505337.095096,0.157713,4127.874563,465558.907522,2.134288,1.077486,0,1.0
77.142468,83896.458577,0.242869,576.675463,27453.1535,1.590633,1.073942,0,1.0
531.468347,607335.906795,0.290588,3562.475607,170884.171933,1.912317,1.579432,1,1.0
165.776017,180830.153351,0.927286,344.564871,10964.360023,1.66686,1.53021,1,1.0
625.512974,510921.20631,1.141679,1016.716743,43995.485096,2.113555,1.47345,0,1.0
350.481986,362664.783318,0.280102,2390.607238,173448.062942,1.342497,1.73653,1,1.0
368.249953,340247.334691,1.078428,464.184808,56377.298595,1.087687,1.4811,0,1.0
305.839914,265743.363147,1.073263,406.740598,37150.151318,1.449894,1.288387,0,1.0
356.794169,524381.925593,0.823343,620.197136,73439.875237,1.711463,1.464204,2,1.0
612.779702,747316.592914,0.179319,5131.500263,804198.402655,1.25203,2.462356,1,1.0
50.0,65502.969948,0.686112,110.379608,15073.40745,1.532196,1.61667,1,1.0
591.544808,603822.095784,1.55043,624.057168,73811.30408,1.599975,1.667069,0,1.0
450.703522,484597.774927,0.673702,888.360874,92889.790744,1.086088,1.864817,1,1.0
218.946753,211469.019648,0.301447,1273.236324,62319.39809,1.874961,2.475011,0,1.0
238.703141,207164.719997,0.447153,712.155623,26836.012095,2.326515,1.362402,0,1.0
651.458954,602809.397558,0.618841,1524.581228,154795.964151,1.227614,2.021923,1,1.0
258.173968,350667.330339,0.457257,904.893634,52298.595511,1.896712,2.073977,0,1.0
226.997423,289258.745142,0.16389,2544.566494,168405.631376,1.997109,1.910987,1,1.0
570.597181,674930.997611,0.28703,3561.539548,305381.978412,1.629002,1.132868,1,1.0
450.782931,510540.029067,0.910745,849.563864,75488.281917,2.051646,2.015308,0,1.0
259.311164,374887.185971,1.088147,315.66368,48262.794819,1.616097,1.096142,0,1.0
432.493746,368015.184085,0.173844,4074.151625,158638.822454,1.756956,1.894214,0,1.0
246.137097,245256.066763,1.622322,192.676642,16169.870531,1.01103,2.109372,0,1.0
565.12321,590529.16993,0.299361,2835.217199,281256.284948,2.03758,1.316455,1,1.0
559.205645,753640.367326,0.642819,1331.695815,229172.148128,1.992014,2.262433,1,1.0
479.80093,717187.35019,0.796811,741.759929,143241.702695,1.057601,1.045531,0,1.0
454.249159,439926.392628,0.935514,689.10385,88590.880407,1.552375,2.265719,0,1.0
664.178219,937829.696451,1.557073,837.976625,98977.511549,2.468548,1.690494,1,1.0
399.952949,552509.375128,0.287652,2729.236131,266519.473781,1.631105,1.326382,1,1.0
222.718881,213199.915927,1.077751,306.229076,15588.85784,1.752918,1.200667,0,1.0
467.421087,504596.397617,0.170601,3382.280701,443670.862125,2.364895,2.429961,0,1.0
712.907057,774766.721774,0.710459,1347.903965,156496.505383,2.075893,1.108998,1,1.0
247.786076,367901.483474,0.777355,482.52385,66433.598634,1.873105,1.29864,0,1.0
345.780585,320408.703233,0.666172,1016.427364,59384.31137,2.196707,1.521734,0,1.0
462.466906,628682.404424,0.245387,2474.463772,331263.779757,2.296549,1.930352,1,1.0
391.914273,405213.844269,1.131954,626.954218,35857.290754,1.685332,1.817202,1,1.0
252.654463,331383.92864,0.192478,1689.30139,220196.952377,1.712663,1.188465,1,1.0
568.278678,621701.251662,0.127563,8842.951314,388106.537177,1.579076,1.434592,1,1.0
748.006108,901236.531567,0.731976,1538.257929,210265.949566,2.450059,1.358128,1,1.0
429.419719,593813.714614,0.422632,1849.421898,109405.453925,2.045749,1.320314,0,1.0
264.389757,360341.001792,1.045562,372.746541,21624.319965,1.124835,1.616717,0,1.0
167.655921,235807.420909,0.341765,834.997661,79647.926337,2.294439,2.056047,0,1.0
438.696397,369264.851833,0.192129,3090.764517,285884.744978,1.72084,1.326179,0,1.0
565.581601,726453.023272,1.005294,740.845038,83577.266794,1.103131,1.550018,1,1.0
471.275162,423200.931127,0.498044,1845.619342,77761.108644,1.824576,1.586376,1,1.0
399.639424,436035.784158,0.204864,3772.98334,284623.382498,1.625746,2.464685,2,1.0
311.609252,368949.059844,0.737169,807.366984,51075.641769,2.316624,2.432,1,1.0
236.175455,255522.390839,0.457813,877.171505,106007.144841,1.305992,2.200206,0,1.0
525.212699,611204.814617,0.563566,1720.944212,204322.191329,2.239697,1.362488,0,1.0
537.065743,804292.694429,0.408926,1648.566052,246555.224293,1.836533,1.102056,1,1.0
168.140532,150427.283341,0.982196,251.275723,15190.220794,1.081915,1.475356,1,1.0
638.475847,812664.336713,0.984694,940.804519,132517.724461,2.457768,1.400192,1,1.0
486.110683,523638.756711,0.717885,1156.910295,40487.828582,1.768923,1.758889,1,1.0
609.939197,544740.880353,0.15569,5816.794551,424117.990192,1.436315,2.166592,1,1.0
198.680838,181021.23737,1.012722,258.729853,17954.894519,1.70411,2.287484,1,1.0
195.126377,285760.856546,0.655868,498.973229,81946.323012,2.286787,2.267296,0,1.0
377.654604,534653.570984,0.697051,1003.126137,39732.090106,1.457355,1.539513,1,1.0
475.417664,682190.770229,0.325479,2199.327914,278599.30712,1.289015,2.030852,1,1.0
669.454123,1000213.292463,1.157139,755.469566,139251.994138,1.193607,1.469251,0,1.0
505.911837,478501.924813,0.746168,920.30152,78718.717258,1.446789,1.091358,1,1.0
363.597808,381344.121661,0.159724,3164.176924,149960.840916,2.170072,2.052348,0,1.0
246.044619,312096.113882,0.361937,978.856003,168896.901992,1.70744,1.014741,2,1.0
584.500086,665547.907004,1.187449,843.801069,71574.843445,1.341222,1.613774,0,1.0
255.294186,279004.039698,0.124173,3455.549541,319345.919481,1.249277,1.494069,1,1.0
644.270283,676785.235036,1.727467,655.234113,33493.762037,1.499094,2.040066,0,1.0
357.342303,434401.898811,0.66841,796.577413,79629.178067,2.409887,2.149368,1,1.0
638.587311,768166.510548,0.598989,1982.106959,146675.583351,1.51454,1.456142,0,1.0
501.839694,458189.91978,0.257739,2654.406981,108858.265914,2.482186,2.217441,0,1.0
379.450677,428861.941629,0.243036,2459.399259,116329.650494,1.727846,1.440875,0,1.0
322.090544,382460.05331,1.524158,388.994039,44068.894478,1.268746,1.66949,2,1.0
348.863818,418357.790038,0.277105,1692.200418,129797.25114,2.33671,2.090528,0,1.0
464.247504,439677.220981,0.846952,705.943478,41137.73256,1.690533,2.03938,0,1.0
411.573474,543108.230663,0.349714,2244.261917,195270.214769,2.064507,2.481053,1,1.0
310.928289,254227.209034,0.174978,2619.84533,240183.55093,2.475567,1.337742,1,1.0
375.155288,393306.163745,0.105387,6219.316216,221279.642609,1.075263,1.993477,2,1.0
411.786554,554325.998366,0.492913,1019.437396,153530.480591,1.145042,1.914523,0,1.0
80.689886,96402.227468,1.960264,72.118712,3338.292498,2.080685,2.372648,1,1.0
468.725217,460669.56631,0.330333,2061.56433,77355.216462,1.422738,1.234543,0,1.0
253.041816,325529.992724,0.320955,981.240768,58737.108431,1.276452,2.127697,0,1.0
227.00014,271758.588055,0.310867,1232.495355,153093.143066,1.059043,1.852403,1,1.0
146.898348,199395.487894,0.467551,437.549671,28870.090784,1.03277,1.411999,1,1.0
130.916125,172091.554828,0.390503,506.041362,25019.261968,2.161728,1.711652,1,1.0
196.682875,241344.745544,1.159776,214.436671,24073.578559,1.20165,1.500665,0,1.0
293.646856,335263.772873,0.452125,855.841579,130953.259726,1.701581,1.86897,0,1.0
692.988871,618996.708101,0.454392,2193.661067,121732.543888,1.908845,2.333501,0,1.0
321.118049,315637.563012,0.174466,2340.864856,204900.742934,1.642528,1.853957,2,1.0
426.662516,466499.837633,2.129668,386.39223,12264.148225,1.04066,1.947584,0,1.0
460.072208,561062.428729,0.243823,2273.421265,270061.862448,2.175252,1.778122,0,1.0
419.659778,486635.589455,0.138097,4822.956315,481507.307831,1.01577,1.076748,0,1.0
388.383481,389055.061245,0.644053,783.093683,81934.061067,2.142835,1.349288,1,1.0
220.705935,177563.453861,0.552387,577.806182,32101.062572,2.339957,1.738003,0,1.0
617.639132,708659.039473,0.368196,3255.719058,187328.831661,1.64926,1.465353,2,1.0
671.079497,671038.01846,0.374257,2383.664849,118325.571062,1.803314,1.272645,0,1.0
147.601196,193981.301288,0.868707,335.173699,23450.784137,1.715475,1.756199,1,1.0
246.395711,201246.74904,0.208899,1609.580722,62545.840736,1.583813,1.484215,0,1.0
358.028449,432992.254719,0.958103,670.110937,74563.069815,2.331137,1.387161,1,1.0
255.319331,372519.065187,0.623124,670.885303,116540.598548,2.3409,1.695978,2,1.0
475.894833,438816.194749,0.371476,2443.787149,230952.765101,1.503725,1.199926,0,1.0
290.75917,328602.825715,0.406271,1175.997926,145395.208712,1.922605,2.391619,2,1.0
724.75841,626187.928348,0.248292,4751.058742,353376.759558,2.390361,2.301553,0,1.0
578.582289,716271.762475,0.797394,984.168109,139347.873425,2.443088,2.061431,2,1.0
431.886105,511945.771768,0.459617,1252.558229,103344.251867,1.763439,1.159321,1,1.0
554.047939,601228.372117,0.29346,3649.835604,296282.241904,1.679237,2.163816,0,1.0
565.885064,659235.679212,0.553232,1495.71378,141023.689381,1.418041,2.211936,0,1.0
315.407877,450276.998022,2.828592,167.000239,19469.06513,2.438308,2.151647,0,1.0
277.567413,260193.361874,0.385697,1301.028559,110410.348105,1.214221,1.170949,0,1.0
411.721459,335880.37314,1.367204,442.996299,22672.283652,1.869744,1.965862,0,1.0
529.245419,742618.869802,0.311573,3332.107287,232877.382643,1.423825,2.251487,0,1.0
420.85906,506706.714719,0.128144,5879.971664,746143.692783,1.418512,1.86603,0,1.0
163.450528,232665.438301,0.21423,1280.215402,63462.074147,1.607453,1.969611,1,1.0
279.576333,340485.296491,0.37124,1434.418672,112668.269539,2.498189,1.687545,0,1.0
388.90407,531675.718299,0.223997,2152.346019,443671.191445,1.082449,1.793061,0,1.0
388.650159,427814.962277,0.100114,5456.866273,604904.36188,1.867813,1.051565,1,1.0
695.881327,921974.527796,1.332561,820.934746,91301.435228,1.123858,1.958445,0,1.0
192.101809,276459.288919,1.028563,258.034255,23508.110374,1.231781,1.122171,0,1.0
475.838386,571237.356486,0.777965,1097.979368,74522.21105,1.659344,1.652522,0,1.0
623.366966,577580.416594,0.19185,6288.472401,535303.554836,1.76569,1.438983,2,1.0
740.717462,731946.130453,0.164123,6945.851416,597081.189472,1.388189,1.818142,1,1.0
339.340387,318657.998471,0.134999,3704.376539,300275.095305,1.474686,1.200125,0,1.0
473.714418,460829.34752,0.74373,1254.295978,40236.177124,1.130451,2.037465,1,1.0
485.464054,492498.823149,1.421187,531.474524,18160.182929,1.45483,2.192517,1,1.0
429.32226,510289.712035,0.38153,1790.566255,260211.148993,2.449838,1.245032,1,1.0
385.17322,466673.616252,0.163429,3491.21581,304249.588988,2.417061,1.15647,1,1.0
465.396308,511261.032277,0.459123,1953.979204,156435.24156,1.502317,1.218273,1,1.0
50.0,61539.727294,0.314494,263.147437,12123.716818,1.856281,2.315691,0,1.0
502.310424,430531.49361,0.334862,2714.705503,196026.874052,2.364393,1.792284,0,1.0
418.926686,360885.133066,0.585546,1323.178954,117030.406935,1.009276,1.700891,0,1.0
366.628765,337401.348434,0.734199,735.794912,62659.583663,2.216025,1.160068,1,1.0
707.029329,822030.653683,0.158606,6895.96883,357187.544281,2.422554,1.974334,1,1.0
298.759897,283761.037489,0.11812,4751.995579,329738.417613,1.136989,2.301999,1,1.0
339.538602,338961.074472,2.68631,188.406303,20813.807662,1.242172,2.242279,2,1.0
698.732995,754784.647227,0.232457,5516.192336,360293.3472,2.441119,1.939082,0,1.0
275.190804,376545.307558,0.127667,4209.324281,536725.976571,1.80631,1.112918,1,1.0
317.482708,257066.857957,0.205284,2626.932479,184459.85354,1.021295,1.168596,1,1.0
377.946186,474158.123273,0.119869,5654.292572,731350.0266,1.386448,1.073963,2,1.0
526.110172,667220.06076,0.348635,2782.821365,274680.886558,1.674916,1.386219,2,1.0
431.170376,585986.000118,0.91076,888.147825,44840.844687,2.039363,1.203492,1,1.0
206.106198,299457.271654,0.308701,1012.194354,93565.435647,2.099741,1.390072,0,1.0
320.174716,260653.113466,0.393658,1009.352817,53148.681813,2.493132,1.577587,1,1.0
308.896835,280369.777952,0.662869,709.019636,78808.397275,1.431267,2.414474,0,1.0
388.416843,551676.174184,0.455548,1482.740014,198679.51392,1.80733,1.915564,1,1.0
463.876549,519988.444765,1.088246,665.085978,72370.852808,1.799985,2.252461,2,1.0
462.730863,553062.150375,1.105091,753.360424,47616.961455,1.608468,2.065527,0,1.0
133.598237,168884.075315,0.10498,1890.56522,124847.876865,1.253743,1.168755,1,1.0
559.591148,713672.681116,0.852643,1120.82883,136824.404599,2.466185,2.103881,0,1.0
437.885327,635905.077284,0.408773,1445.220433,188425.385304,2.279976,1.412648,0,1.0
607.679807,910222.066501,2.347734,465.775573,32515.992463,1.7475,1.958662,0,1.0
466.629749,608536.625986,0.430081,1775.634391,201618.883485,1.904868,1.511443,1,1.0
565.198444,565794.641229,2.267417,339.817379,13986.327428,1.340892,2.496508,2,1.0
469.981797,665412.767662,0.80237,839.677615,82039.805963,1.815681,1.395327,2,1.0
601.933863,502286.50542,0.242912,4457.629799,248719.073314,2.042455,1.418696,0,1.0
478.337595,460044.337977,0.486523,1559.396802,68264.679489,1.772751,2.396008,1,1.0
385.312713,550292.05823,2.522707,209.682289,43124.997332,2.485428,1.036967,1,1.0
740.865208,725554.532209,1.074314,1361.177685,54950.838509,1.917012,2.045033,0,1.0
533.355568,509064.28459,0.15122,6250.245876,234142.5502,1.556461,2.08799,0,1.0
486.061663,435845.517315,0.712721,1340.574358,49246.128396,2.158228,2.254568,0,1.0
208.554338,292263.508445,0.312003,1030.519752,154897.566569,1.255694,2.461659,2,1.0
206.753857,237775.367706,0.103503,3156.299862,261488.891754,1.576774,2.463403,1,1.0
443.907322,564838.882091,0.358322,2376.565616,212510.719444,1.520438,1.097915,1,1.0
421.82818,408054.000062,0.233779,2923.177877,92773.980344,1.647711,2.232759,0,1.0
307.881615,409675.98867,0.954268,569.718787,23682.706091,2.17267,1.969465,1,1.0
421.147405,560969.978055,0.30574,1930.854148,214439.756183,1.72626,1.971013,0,1.0
638.294039,650305.850542,0.978748,1015.652059,114612.422013,2.191022,1.192525,0,1.0
504.310371,548426.35471,0.100299,6530.251541,999456.710698,1.864733,1.975281,1,1.0
228.848724,216670.125459,0.283954,1099.928423,48076.499636,1.513104,2.473724,0,1.0
383.273676,568622.033967,0.237986,1933.804739,312413.314853,2.214968,2.367728,1,1.0
279.255028,349605.458253,0.233004,1475.84445,280556.213633,1.357435,1.658696,0,1.0
341.845013,497104.425266,0.135311,5006.80575,397488.187232,1.336574,1.059922,1,1.0
337.95765,342138.145916,0.203589,2313.850574,293144.354671,1.756754,1.54344,0,1.0
328.353163,442397.977956,0.505458,1124.254656,61314.449518,1.391274,2.239585,1,1.0
211.729694,282892.266894,0.272205,1455.543093,197781.367989,1.013631,2.052249,0,1.0
380.851798,489074.247135,0.370123,1688.08374,215007.004152,1.972446,1.689015,0,1.0
315.908854,466264.815336,0.336498,1241.597103,264934.784087,1.766641,1.082652,2,1.0
50.0,53774.436764,1.143354,77.950211,7125.029538,1.668277,1.640342,0,1.0
707.945804,631135.189432,1.278515,930.369224,51591.332608,2.450453,1.703537,1,1.0
563.315448,715521.142448,0.43958,2287.453967,310454.111408,1.856799,2.392833,2,1.0
343.554891,450234.477448,0.300355,2076.961177,136911.817936,2.295147,1.961629,0,1.0
402.822857,484411.566359,0.156473,5098.148923,309042.966153,1.209175,1.467479,0,1.0
224.251848,211866.984622,1.633108,227.786685,20124.247053,1.85381,1.787977,1,1.0
654.358432,754553.244524,0.131058,7356.067816,948801.576874,2.301969,1.099083,2,1.0
684.593304,697280.745683,0.276662,4253.059492,477378.005105,1.874659,2.458852,2,1.0
423.504059,465526.914296,0.276958,1918.675864,135679.374941,2.077021,1.54009,1,1.0
553.529597,692826.981919,0.293126,3621.728816,401098.428246,1.558065,1.716801,1,1.0
426.293017,563410.302071,0.189735,2910.71699,477435.485575,1.138674,1.532926,0,1.0
199.491184,192021.692342,0.864301,337.510665,13234.480346,1.68685,2.023768,2,1.0
338.226495,366545.438873,0.165338,3789.796465,239615.314693,1.591719,1.993348,2,1.0
419.789195,414925.139464,0.603801,1166.515335,63506.393967,2.30059,2.072983,0,1.0
331.817842,311590.933202,0.166107,3026.208991,179469.051222,1.365993,1.402215,0,1.0
367.202008,495124.559076,0.136573,4244.747528,715793.809728,2.450101,1.473503,0,1.0
386.290066,554896.751678,1.300813,559.365874,62457.923206,2.437207,1.187877,0,1.0
387.868225,410815.490829,0.20544,2779.12465,315253.332723,1.371447,1.983265,1,1.0
407.838774,540751.49145,0.960884,804.621611,110579.105555,1.522078,1.059696,0,1.0
240.90924,343993.509469,0.493323,620.438785,74318.217782,2.343334,1.896524,0,1.0
292.447578,407170.945126,0.140527,3790.549143,493366.679767,2.449933,2.304544,0,1.0
207.31236,192379.520647,1.655551,235.172731,13384.185236,1.665159,2.336248,2,1.0
546.672332,803282.685323,0.241819,3041.621258,599358.162164,1.481496,1.673557,1,1.0
84.152959,89511.27284,1.081791,120.129904,6379.415268,1.789141,1.688956,0,1.0
